mh01KK-070	rs4846051	rs1801131
na	rs3737983	rs1418843	rs805423	rs2257212	rs2301788	rs931606	rs10155597	rs194520	rs2234002	rs1434774	rs1460934	rs4735133	rs11254413	rs2466701	rs4075325	rs7325513	rs2306331	rs4646626	rs4801433	rs2413761	rs877761	rs5930933
mh02KK-139	rs3827760	rs12623957
mh03KK-216	rs2072053	rs1046953
mh03KK-009	rs3732783	rs6280
mh04KK-028	rs3762896	rs283413
mh04KK-029	rs59534319	rs971074
mh05KK-078	rs2234234	rs2234233
mh05KK-079	rs2234232	rs41469
mh05KK-120	rs2278007	rs16891982	rs35398
mh07KK-082	rs150209521	rs713598
mh10KK-084	rs11572103	rs1058930
mh10KK-088	rs55897648	rs2515641
mh11KK-040	rs4938013	rs11214596
mh11KK-041	rs6277	rs6275
mh16KK-053	rs201075024	rs11150606
mh16KK-096	rs1805007	rs885479
mh17KK-105	rs1052553	rs17652121
mh19KK-056	rs1055919	rs2271057
mh22KK-303	rs4633	rs6267	rs740602	rs76452330
mh22KK-060	rs4818	rs4680
